{"Train Loss": 0.8131236433982849, "Validation Loss": 0.8468241691589355, "Energy metric": 0.19982552528381348, "Position metric": 0.5001118779182434, "Angle metric": 30.186342239379883, "Learning rate": 0.0005, "_runtime": 206, "_timestamp": 1613471884, "_step": 1}