{"Train Loss": -0.8492698073387146, "Validation Loss": -0.916492760181427, "Angle Metric": 45.45997619628906, "_runtime": 2020, "_timestamp": 1614169074, "_step": 26}