{"Train Loss": 2.8383500576019287, "Validation Loss": 2.9768741130828857, "Angle Metric": 126.94921875, "_runtime": 828, "_timestamp": 1614117436, "_step": 2}