{"Train Loss": 1498.441650390625, "Validation Loss": 255595.953125, "Angle Metric": 109.09617614746094, "_runtime": 3253, "_timestamp": 1613999915, "_step": 30}