{"Train Loss": 0.5058043599128723, "Validation Loss": 0.4811462461948395, "AUC": 0.8105868883011891, "Accuracy": 0.7767999768257141, "_runtime": 416, "_timestamp": 1613745358, "_step": 4}