{"Train Loss": 0.34718453884124756, "Validation Loss": 0.38648369908332825, "AUC": 0.8940005010504648, "Accuracy": 0.8208000063896179, "_runtime": 761, "_timestamp": 1614083231, "_step": 1}