{"Train Loss": 11577.6689453125, "Validation Loss": 2534.14208984375, "Angle Metric": 118.322265625, "_runtime": 899, "_timestamp": 1613994193, "_step": 8}