{"Train Loss": 0.9246572256088257, "Validation Loss": 0.8991186618804932, "Energy metric": 0.18922871351242065, "Position metric": 0.3525351881980896, "Angle metric": 26.80190086364746, "Learning rate": 0.00118098, "_runtime": 739, "_timestamp": 1614074242, "_step": 7}