{"Train Loss": 0.7694075107574463, "Validation Loss": 0.7251341342926025, "Energy metric": 0.17765012383460999, "Position metric": 0.2740902602672577, "Angle metric": 21.526798248291016, "Learning rate": 0.00024315330918113872, "_runtime": 2050, "_timestamp": 1614075553, "_step": 22}