{"Train Loss": 0.7643944621086121, "Validation Loss": 0.7967207431793213, "Energy metric": 0.19534258544445038, "Position metric": 0.30102771520614624, "Angle metric": 19.901756286621094, "Learning rate": 0.0016200000000000001, "_runtime": 456, "_timestamp": 1613489378, "_step": 4}