{"Train Loss": 0.42767786979675293, "Validation Loss": 0.43824470043182373, "AUC": 0.8499128379130179, "Accuracy": 0.7983599901199341, "_runtime": 1190, "_timestamp": 1614084837, "_step": 3}