{"Train Loss": -1.5276955366134644, "Validation Loss": -1.6102272272109985, "Angle Metric": 38.64903259277344, "_runtime": 3789, "_timestamp": 1614164896, "_step": 13}