{"Train Loss": 14.019410133361816, "Validation Loss": 18.638856887817383, "Angle Metric": 133.06661987304688, "_runtime": 3509, "_timestamp": 1614106552, "_step": 7}