{"Train Loss": 0.5400694608688354, "Validation Loss": 0.5042641162872314, "Energy metric": 0.18173222243785858, "Position metric": 1.504835605621338, "Angle metric": 23.026168823242188, "Learning rate": 0.0013122000000000001, "_runtime": 3052, "_timestamp": 1614079001, "_step": 6}