{"Train Loss": 0.48163458704948425, "Validation Loss": 0.46640321612358093, "Energy metric": 0.1705106496810913, "Position metric": 0.2625585198402405, "Angle metric": 18.355627059936523, "Learning rate": 5.006311009986488e-05, "_runtime": 3830, "_timestamp": 1613482154, "_step": 37}