{"Train Loss": 0.49849414825439453, "Validation Loss": 0.6025835871696472, "Energy metric": 0.18256129324436188, "Position metric": 0.3696720004081726, "Angle metric": 23.652957916259766, "Learning rate": 0.0005, "_runtime": 2858, "_timestamp": 1613475068, "_step": 26}