{"Train Loss": 38139.70703125, "Validation Loss": 59.90397644042969, "Angle Metric": 115.15711212158203, "_runtime": 581, "_timestamp": 1613991299, "_step": 5}