{"Train Loss": 0.4397236704826355, "Validation Loss": 0.25936368107795715, "Angle Metric": 48.80451202392578, "_runtime": 8932, "_timestamp": 1614116105, "_step": 29}