{"Train Loss": 0.7159225344657898, "Validation Loss": 0.756935715675354, "Energy metric": 0.18349146842956543, "Position metric": 0.31243398785591125, "Angle metric": 20.072664260864258, "Learning rate": 0.004, "_runtime": 1448, "_timestamp": 1613988305, "_step": 2}