{"Train Loss": -0.3895120918750763, "Validation Loss": -0.39269590377807617, "Angle Metric": 90.98677825927734, "_runtime": 206, "_timestamp": 1613989357, "_step": 1}