{"Train Loss": 0.7120127081871033, "Validation Loss": 0.6940255165100098, "Energy metric": 0.17034503817558289, "Position metric": 0.25663143396377563, "Angle metric": 17.687820434570312, "Learning rate": 9.420257394492497e-05, "_runtime": 3108, "_timestamp": 1613484721, "_step": 31}