{"Train Loss": 0.8067817687988281, "Validation Loss": null, "Angle Metric": 91.99560546875, "_runtime": 155, "_timestamp": 1614166946, "_step": 1}