{"Train Loss": 0.4535486102104187, "Validation Loss": 0.4515925347805023, "AUC": 0.8405221962639287, "Accuracy": 0.7924333214759827, "_runtime": 5375, "_timestamp": 1613744436, "_step": 13}