{"Train Loss": -0.9125348925590515, "Validation Loss": -0.9755606055259705, "Angle Metric": 48.293052673339844, "_runtime": 8328, "_timestamp": 1614178383, "_step": 28}