{"Train Loss": 432577.125, "Validation Loss": 15.655824661254883, "Angle Metric": 121.82633972167969, "_runtime": 1708, "_timestamp": 1613995940, "_step": 17}