{"Train Loss": 0.4713917076587677, "Validation Loss": 0.48732832074165344, "AUC": 0.8200494861195298, "Accuracy": 0.784500002861023, "_runtime": 733, "_timestamp": 1613899857, "_step": 6}