{"Train Loss": 0.344447523355484, "Validation Loss": 0.37732210755348206, "AUC": 0.8962808610329764, "Accuracy": 0.8238800168037415, "_runtime": 11457, "_timestamp": 1613912054, "_step": 19}