{"Train Loss": 0.5050141215324402, "Validation Loss": 0.531501054763794, "Energy metric": 0.17657627165317535, "Position metric": 0.30939942598342896, "Angle metric": 20.65640640258789, "_runtime": 965, "_timestamp": 1613471535, "_step": 9}