{"Train Loss": 7462.98828125, "Validation Loss": 21465.11328125, "Angle Metric": 116.71852111816406, "_runtime": 606, "_timestamp": 1613996573, "_step": 5}