{"Train Loss": 0.4559501111507416, "Validation Loss": 0.4663766026496887, "AUC": 0.822616351788366, "Accuracy": 0.7836999893188477, "_runtime": 1422, "_timestamp": 1613836511, "_step": 16}