{"Train Loss": 0.9814654588699341, "Validation Loss": 0.1305118203163147, "Angle Metric": 55.15774154663086, "_runtime": 564, "_timestamp": 1614160777, "_step": 1}