{"Train Loss": 9894.3203125, "Validation Loss": 2247.95751953125, "Angle Metric": 123.15032196044922, "_runtime": 464, "_timestamp": 1613990010, "_step": 4}