{"Train Loss": 14.784131050109863, "Validation Loss": 10.375575065612793, "Angle Metric": 133.1876983642578, "_runtime": 1267, "_timestamp": 1614101589, "_step": 3}