{"Train Loss": 527.3516845703125, "Validation Loss": 9166.833984375, "Angle Metric": 102.15972900390625, "_runtime": 1804, "_timestamp": 1613993157, "_step": 15}