{"Train Loss": 0.5704243183135986, "Validation Loss": 0.5989669561386108, "Energy metric": 0.15705493092536926, "Position metric": 0.20993012189865112, "Angle metric": 14.545914649963379, "Learning rate": 0.0006973568802, "_runtime": 6256, "_timestamp": 1613496861, "_step": 12}