{"Train Loss": 0.45873507857322693, "Validation Loss": 0.4680868089199066, "AUC": 0.826870567322412, "Accuracy": 0.7833999991416931, "_runtime": 1022, "_timestamp": 1613832969, "_step": 11}