{"Train Loss": 0.5049384832382202, "Validation Loss": 0.5617706179618835, "Energy metric": 0.15644022822380066, "Position metric": 0.18523147702217102, "Angle metric": 13.723878860473633, "Learning rate": 0.0002584432755690671, "_runtime": 13344, "_timestamp": 1613515357, "_step": 28}