{"Train Loss": 1429.764404296875, "Validation Loss": 1412.5596923828125, "Angle Metric": 93.24329376220703, "_runtime": 1243, "_timestamp": 1614086393, "_step": 12}