{"Train Loss": 0.5822335481643677, "Validation Loss": 0.5643161535263062, "Energy metric": 0.19186881184577942, "Position metric": 1.1948015689849854, "Angle metric": 26.29091453552246, "Learning rate": 0.0018000000000000002, "_runtime": 1756, "_timestamp": 1614080848, "_step": 3}