{"Train Loss": 2.089198112487793, "Validation Loss": 1.4966415166854858, "Angle Metric": 132.8776092529297, "_runtime": 275, "_timestamp": 1614159723, "_step": 0}