{"Train Loss": 0.7058619856834412, "Validation Loss": 1.8353793621063232, "Angle Metric": 46.9371337890625, "_runtime": 4447, "_timestamp": 1614102454, "_step": 9}