{"Train Loss": 0.5623885989189148, "Validation Loss": 0.6377698183059692, "Energy metric": 0.16775071620941162, "Position metric": 0.22183094918727875, "Angle metric": 15.847516059875488, "Learning rate": 9.420257394492497e-05, "_runtime": 2914, "_timestamp": 1613488612, "_step": 31}