{"Train Loss": 0.9863492250442505, "Validation Loss": 0.9791016578674316, "Energy metric": 0.2034585326910019, "Position metric": 0.4214383661746979, "Angle metric": 24.602867126464844, "Learning rate": 0.0016200000000000001, "_runtime": 560, "_timestamp": 1613485395, "_step": 4}